<?xml version="1.0" encoding="UTF-8"?>

<connector xmlns="http://java.sun.com/xml/ns/j2ee"
		   xmlns:xsi="http://www.w3.org/2001/XMLSchema-instance"
		   xsi:schemaLocation="http://java.sun.com/xml/ns/j2ee http://java.sun.com/xml/ns/j2ee/connector_1_5.xsd"
		   version="1.5">

	<display-name>SDPEISConnectorSFTP</display-name>
	<vendor-name>Wincor Nixdorf International GmbH</vendor-name>
	<eis-type>SDP EIS Connector</eis-type>
	<resourceadapter-version>1.1</resourceadapter-version>
	<license>
		<license-required>false</license-required>
	</license>
	<resourceadapter>
		<resourceadapter-class>com.myproclassic.server.eisconnector.sftp.PCEResourceAdapterSFTP</resourceadapter-class>

		<config-property>
			<description>Connector name</description>
			<config-property-name>Name</config-property-name>
			<config-property-type>java.lang.String</config-property-type>
			<config-property-value>SDPEISConnectorSFTP</config-property-value>
		</config-property>
		<config-property>
			<description>Timeout for getConnection/send/receive in milliseconds</description>
			<config-property-name>Timeout</config-property-name>
			<config-property-type>java.lang.Long</config-property-type>
			<config-property-value>20000</config-property-value>
		</config-property>

		<outbound-resourceadapter>
			<connection-definition>
				<managedconnectionfactory-class>com.myproclassic.server.eisconnector.sftp.PCEManagedConnectionFactorySFTP</managedconnectionfactory-class>

				<config-property>
					<description>Enables timeout monitoring for connect</description>
					<config-property-name>AsyncConnect</config-property-name>
					<config-property-type>java.lang.Boolean</config-property-type>
					<config-property-value>false</config-property-value>
				</config-property>
				<config-property>
					<description>Connect mode. 0 = persistent, 3 = reconnect</description>
					<config-property-name>ConnectMode</config-property-name>
					<config-property-type>java.lang.Integer</config-property-type>
					<config-property-value>0</config-property-value>
				</config-property>
				<config-property>
					<description>Forces usage of JCA trace</description>
					<config-property-name>JCATrace</config-property-name>
					<config-property-type>java.lang.Boolean</config-property-type>
					<config-property-value>false</config-property-value>
				</config-property>
				<config-property>
					<description>Retry interval for getConnection in milliseconds</description>
					<config-property-name>RetryInterval</config-property-name>
					<config-property-type>java.lang.Integer</config-property-type>
					<config-property-value>500</config-property-value>
				</config-property>
				<config-property>
					<description>Name or IP address of server</description>
					<config-property-name>ServerName</config-property-name>
					<config-property-type>java.lang.String</config-property-type>
					<config-property-value>0.0.0.0</config-property-value>
				</config-property>
				<config-property>
					<description>Port of the server</description>
					<config-property-name>PortNumber</config-property-name>
					<config-property-type>java.lang.Integer</config-property-type>
					<config-property-value>22</config-property-value>
				</config-property>
				<config-property>
					<description>SFTP Server user name</description>
					<config-property-name>SftpUsername</config-property-name>
					<config-property-type>java.lang.String</config-property-type>
					<config-property-value>sshuser</config-property-value>
				</config-property>
				<!--config-property>
					<description>SFTP Server user password</description>
					<config-property-name>SftpPassword</config-property-name>
					<config-property-type>java.lang.String</config-property-type>
					<config-property-value>password</config-property-value>
				</config-property-->
				<config-property>
					<description>SFTP Server directory</description>
					<config-property-name>SftpDirectory</config-property-name>
					<config-property-type>java.lang.String</config-property-type>
					<config-property-value></config-property-value>
				</config-property>
				<config-property>
					<description>SFTP SSH Authentication</description>
					<config-property-name>SSHAuthentication</config-property-name>
					<config-property-type>java.lang.Boolean</config-property-type>
					<config-property-value>true</config-property-value>
				</config-property>
				<config-property>
					<description>SFTP SSH KeyPath</description>
					<config-property-name>SSHKeyPath</config-property-name>
					<config-property-type>java.lang.String</config-property-type>
					<config-property-value>c:\ssh\privateKey.ppk</config-property-value>
				</config-property>


				<connectionfactory-interface>com.myproclassic.server.eisconnector.IPCEEISConnectionFactory</connectionfactory-interface>
				<connectionfactory-impl-class>com.myproclassic.server.eisconnector.impl.PCEEISConnectionFactory</connectionfactory-impl-class>
				<connection-interface>com.myproclassic.server.eisconnector.IPCEEISConnection</connection-interface>
				<connection-impl-class>com.myproclassic.server.eisconnector.impl.PCEEISConnection</connection-impl-class>
			</connection-definition>
			<transaction-support>NoTransaction</transaction-support>
			<authentication-mechanism>
				<authentication-mechanism-type>BasicPassword</authentication-mechanism-type>
				<credential-interface>javax.resource.spi.security.PasswordCredential</credential-interface>
			</authentication-mechanism>
			<reauthentication-support>false</reauthentication-support>
		</outbound-resourceadapter>

	</resourceadapter>
</connector>
