<!-- ********************************************************* -->
<!-- ant file for automatic builds of PC/E                      -->
<!--                                                           -->
<!--                                                           -->
<!-- (c) 2011 by Wincor Nixdorf                                -->
<!--                                                           -->
<!-- ********************************************************* -->


<project name="pcebuild" basedir="." default="export">
		
	<taskdef classname="com.wincor.dailybuild.RootDirProperty" name="property"/>
	<property environment="env"/>
	<property rootdirproperty="root.dir" childdir="DailyBuild"/>
	<property file="${root.dir}/DailyBuild/pcebuild.properties"/>
	<property file="${root.dir}/DailyBuild/projectHomesAndExternLibs.properties"/>
	<taskdef file="${dailybuild.dir}/ant.taskdefs"/>
	<property file="./componentbuild.properties"/>
	<property file="./componentbuild.versions"/>
    <property name="fail.on.uka.diffs" value="true"/>
	<target name="makeExport">
        <delete dir="${target.export.dir}/" failonerror="false"/>
		<copy todir="${target.export.dir}/lib/" flatten="true" verbose="true">
      			<fileset dir="${root.dir}/lib" includesfile="archives.include"/>
		</copy>
		
		<copy tofile="${target.export.dir}/errorlog/${component.name}.errors" verbose="true"
			file="${component.dir}/errorlog/errorLog.xml"/>

		<copy todir="${target.export.dir}/ant/">
			<fileset dir="${component.dir}/ComponentBuild" includes="deploy.xml patchSelfServiceChannel.properties"/>
		</copy>
		
        <copy todir="${target.export.dir}/sqlscripts">
            <fileset dir="${component.dir}/DataModel/sqlscripts" excludes="**/.pj" />
        </copy>

		<copy todir="${target.export.dir}/journal/">
			<fileset dir="${component.dir}/journal" includes="*.journal"/>
		</copy>
		
		<copy todir="${target.export.dir}/history">
			<fileset dir="${component.dir}/history"></fileset>
		</copy>
		<copy todir="${target.export.dir}/install">
            <fileset dir="${component.dir}/install"/>
		</copy>

    		
    		<if name="completeExport" value="true">
    			<!--
    			<delete dir="${target.export.dir}/src" failonerror="false"/>
   	    		<ant antfile="antfile.xml" dir="${component.dir}" target="executeUnit">
	    			<property name="unit" value="makeComTree"/>
	    			<property name="comtree.dir" value="${target.export.dir}/src"/>
	    		</ant>
	    		
	    		<delete dir="${target.export.dir}/docs" failonerror="false"/>
	    		<mkdir dir="${target.export.dir}/docs/api"/>
	    		
	    		<ant antfile="targets.xml" dir="${dailybuild.dir}" target="javadoc">
	    			<property name="javadoc.dir" value="${target.export.dir}/docs/api"/>
	    			<property name="src.dir" value="${target.export.dir}/src"/>
                    <property name="classpath" value="${server.javadoc.classpath}"/>
	    		</ant>
				-->
    		</if>
    	</target>
		
    	<!-- compile and create export directory for this component -->
    	<target name="generateComponent">
    		<delete dir="${root.dir}/lib"/>
    		<mkdir dir="${root.dir}/lib"/>
        	<componentcallXT  target="executeUnit" unit="makeArchive" versions="componentbuild.versions"/>
    		<buildnumber file="buildnumber.file"/>
            <renameexport/>
            <ant antfile="antfile.xml" dir="${component.dir}" target="executeUnit"/>
    		
	<!--
    		<ant antfile="targets.xml" dir="${dailybuild.dir}" target="historyGeneration">
    		  <property file="componentbuild.properties"/>
    		</ant>
	
    		<xmlhistoryheader/>-->
    		<delete dir="${component.dir}/export" failonerror="false"/>
    		<antcall target="makeExport">
    			<param name="completeExport" value="true"/>
    		</antcall>
    	</target>

        <target name="callSubcomponents">
					<!--ant antfile="${component.dir}/subcomponents/Opt/antfile.xml" dir="${component.dir}/subcomponents/Opt"
						target="makeExport"/> -->
        </target>

<!-- compile and create export directory for this component -->
    	<target name="generateComponent_SNAPSHOOT">
    		<delete dir="${component.dir}/lib"/>
    		<mkdir dir="${component.dir}/lib"/>
        	<componentcallXT  target="executeUnit" unit="makeArchive" versions="componentbuild.versions"/>
    		<buildnumber file="buildnumber.file"/>
            <!-- <renameexport/> -->
            <var name="target.export.dir" unset="true"/>
            <property name="target.export.dir" value="${root.dir}/SNAPSHOOT/${component.name}/${build.number}"/>
    		<ant antfile="antfile.xml" dir="${component.dir}" target="executeUnit"/>
    		
	<!--
    		<ant antfile="targets.xml" dir="${dailybuild.dir}" target="historyGeneration">
    		  <property file="componentbuild.properties"/>
    		</ant>
	-->
    		<delete dir="${component.dir}/export" failonerror="false"/>
    		<antcall target="makeExport">
    			<param name="completeExport" value="true"/>
    		</antcall>
    	</target>



		<target name="hist">
	        <ant antfile="targets.xml" dir="${dailybuild.dir}" target="historyGeneration">
	                <property file="componentbuild.properties"/>
	        </ant>
        </target>

</project>
