<!-- ********************************************************* -->
<!-- ant file for automatic builds of PC/E                      -->
<!--                                                           -->
<!--                                                           -->
<!-- (c) 2002 by Wincor Nixdorf                                -->
<!--                                                           -->
<!-- ********************************************************* -->


<project name="pcebuild" basedir="." default="deploy">
		
	<taskdef classname="com.wincor.dailybuild.RootDirProperty" name="property"/>
	<property environment="env"/>
	<property rootdirproperty="root.dir" childdir="DailyBuild"/>
	<property file="${root.dir}/DailyBuild/pcebuild.properties"/>
	<taskdef file="${dailybuild.dir}/ant.taskdefs"/>
	
	<target name="deploy">
    	</target>
    	
    	<target name="merge">
  	
		<ant target="patchWebDDs" antfile="${dailybuild.dir}/patchDDs.xml" inheritrefs="true">
		</ant>
      
  	</target>
    	
</project>
