<?xml version="1.0" encoding="UTF-8"?>
<!-- ********************************************************* -->
<!-- ant file for automatic builds of PC/E                     -->
<!--                                                           -->
<!--                                                           -->
<!-- (c) 2011 by Wincor Nixdorf                                -->
<!--                                                           -->
<!-- ********************************************************* -->
<project basedir="." default="executeUnit" name="pcebuild">
    <taskdef classname="com.wincor.dailybuild.RootDirProperty" name="property"/>
    <taskdef resource="net/sf/antcontrib/antcontrib.properties"/>
    <!-- ********************************************************* -->
    <!-- * global property definition                            * -->
    <!-- *                                                       * -->
    <!-- ********************************************************* -->
    <property environment="env"/>
    <property childdir="DailyBuild" rootdirproperty="root.dir"/>
    <property file="${root.dir}/DailyBuild/pcebuild.properties"/>
    <property file="${dailybuild.dir}/projectHomesAndExternLibs.properties"/>
    <property childdir="ComponentBuild" rootdirproperty="component.dir"/>
    <property file="projectbuild.properties"/>
    <property file="./ComponentBuild/componentbuild.properties"/>
    <property name="unit" value="makeArchive"/>
    <import file="${dailybuild.dir}/component-antfile.xml"/>
    <!-- **************************** -->
    <!-- target executeUnit -->
    <!-- **************************** -->
    <target description="Delegates a command (unit) to sub modules" name="executeUnit">
        <ant antfile="antfile.xml" dir="SDPEISConnectorSFTP"
            output="${unit}.log" target="${unit}"/>
        <copy file="${dailybuild.dir}/antfile.template" tofile="SDPEISConnectorSFTPBase/antfile-default.xml"/>
        <ant antfile="antfile-default.xml" dir="SDPEISConnectorSFTPBase"
            output="${unit}.log" target="${unit}"/>
    </target>
    <!-- **************************** -->
    <!-- target makeExport -->
    <!-- **************************** -->
    <target name="makeExport">
        <ant antfile="antfile.xml" dir="./ComponentBuild" target="makeExport"/>
    </target>
    <!-- **************************** -->
    <!-- target makeExportDevelop -->
    <!-- **************************** -->
    <target description="export develop files" name="makeExportDevelop">
        <ant antfile="antfile.xml" dir="./ComponentBuild" target="makeExport">
            <property name="target.export.dir" value="${root.dir}/Components/${component.name}/develop"/>
        </ant>
    </target>
    <!-- **************************** -->
    <!-- target testMerge -->
    <!-- **************************** -->
    <target description="test deploy merge" name="testMerge">
        <antcall target="makeExportDevelop"/>
        <ant antfile="deploy.xml"
            dir="${root.dir}/Components/${component.name}/develop/ant" target="merge">
            <property name="project.root.dir" value="${root.dir}"/>
            <property file="${root.dir}/ProjectBuild/pcebuild.properties"/>
            <property file="${root.dir}/ProjectBuild/component.versions"/>
        </ant>
    </target>
    <!-- **************************** -->
    <!-- target deployServer -->
    <!-- **************************** -->
    <target description="update jboss deploy EAR" name="deployServer">
        <property name="components.dir" value="${root.dir}/Components"/>
        <property name="component.version" value="develop"/>
        <ant antfile="deploy.xml"
            dir="${components.dir}/${component.name}/develop/ant" target="deployServer">
            <property name="ear.dir" value="${jar.deploy.ear.directory}"/>
            <property name="war.dir" value="${jar.deploy.web.directory}/../.."/>
            <property name="html.dir" value="${jar.deploy.web.directory}/../../SmartClient"/>
        </ant>
    </target>
    <!-- **************************** -->
    <!-- target generateComponent -->
    <!-- **************************** -->
    <target description="create new component version" name="generateComponent">
        <ant antfile="antfile.xml" dir="./ComponentBuild" target="generateComponent">
            <property name="javac.failonerror" value="true"/>
        </ant>
    </target>
</project>
