<!-- ********************************************************* -->
<!-- ant file for automatic builds of PC/E                      -->
<!--                                                           -->
<!--                                                           -->
<!-- (c) 2002 by Wincor Nixdorf                                -->
<!--                                                           -->
<!-- ********************************************************* -->


<project name="pcebuild" basedir="." default="makeArchive">
  <taskdef classname="com.wincor.dailybuild.RootDirProperty" name="property"/>         
    
  <!-- ********************************************************* -->
  <!-- * global property definition                            * -->
  <!-- *                                                       * -->
  <!-- ********************************************************* -->
  
  <property environment="env"/>
  
  <property rootdirproperty="root.dir" childdir="DailyBuild"/>
  <property rootdirproperty="master.dir" childdir="DailyBuild"/>
  <property rootdirproperty="component.dir" childdir="ComponentBuild"/>
  <property rootdirproperty="project.root.dir" childdir="ProjectBuild"/>
  <property file="${project.root.dir}/ProjectBuild/pcebuild.properties"/>
  <property file="${root.dir}/DailyBuild/pcebuild.properties"/>
  <property file="${dailybuild.dir}/projectHomesAndExternLibs.properties"/>
  <property file="projectbuild.properties"/>
  
  
  <!-- **************************** -->
  <!-- target makeArchive           -->
  <!-- **************************** -->
  <target name="makeArchive" description="Compiles and archives the Java-Module">
    <ant antfile="${dailybuild.dir}/targets.xml" target="makeJournal">
    </ant>
    <ant antfile="${dailybuild.dir}/antfile.xml" target="makeArchiveDefault">
      <property file="projectbuild.properties"/>
      <property file="${component.dir}/ComponentBuild/componentbuild.properties"/>
    </ant>
  </target>
  
  <!-- **************************** -->
  <!-- target quickBuild           -->
  <!-- **************************** -->
  <target name="quickBuild" description="Performs a quick build, that can be customized in DailyBuild/antfile-custom.xml">
    <property file="${dailybuild.dir}/custom.properties"/>
    <ant antfile="${custom.antfile}" target="${custom.target}">
      <property file="projectbuild.properties"/>
      <property name="calling.antfile" value="${ant.file}"/>
    </ant>
  </target>
  
  
  <!-- **************************** -->
  <!-- target makeComTree           -->
  <!-- **************************** -->
  <target name="makeComTree" description="Copies the sources of the Java-Project to one specified directory">
    <ant antfile="${dailybuild.dir}/targets.xml" target="copyToComTree">
      <property file="projectbuild.properties"/>
      <property file="${component.dir}/ComponentBuild/componentbuild.properties"/>
    </ant>
  </target>
  
  <!-- **************************** -->
  <!-- target makeJavadoc           -->
  <!-- **************************** -->
  <target name="makeJavadoc">
    <ant antfile="${dailybuild.dir}/targets.xml" target="javadoc">
      <property file="projectbuild.properties"/>
      <property file="${component.dir}/ComponentBuild/componentbuild.properties"/>
    </ant>
  </target>
  
  
  <!-- **************************** -->
  <!-- target clean                 -->
  <!-- **************************** -->
  <target name="clean" description="Cleans the Java-Project directory">
    <delete dir="${classes.dir}" failonerror="false"/>
    <delete dir="tmp" failonerror="false"/>
    <delete file="${src.dir}/version.inf" failonerror="false"/>
    <delete file="${src.dir}/pce.properties" failonerror="false"/>
    <delete file="${src.dir}/external.dependencies" failonerror="false"/>
    <delete>
      <fileset dir="." includes="**/*.bak"/>
    </delete>
  </target>
  
   
  <!-- **************************** -->
  <!-- target merge is deprecated                -->
  <!-- **************************** -->
  <target name="merge" description="Merges standard archives with specific content">
  </target>

</project>
